type,stamp_relative,stamp_absolute,error,linear_x,angular_z
error,0.000000,1761865625.150340,0.012195,0.300000,0.010244
command,0.011675,1761865625.162015,nan,0.300000,0.001785
error,0.019694,1761865625.170034,0.009756,0.300000,0.001785
command,0.044595,1761865625.194934,nan,0.300000,0.000195
error,0.051480,1761865625.201820,0.007317,0.300000,0.000195
command,0.079524,1761865625.229864,nan,0.300000,-0.001511
error,0.090857,1761865625.241196,0.007317,0.300000,-0.001511
command,0.110177,1761865625.260517,nan,0.300000,0.005122
error,0.120389,1761865625.270729,0.007317,0.300000,0.005122
command,0.144341,1761865625.294681,nan,0.300000,0.005122
error,0.151253,1761865625.301592,0.007317,0.300000,0.005122
command,0.177383,1761865625.327723,nan,0.300000,0.005122
error,0.184636,1761865625.334975,0.004878,0.300000,0.005122
command,0.213906,1761865625.364246,nan,0.300000,-0.003220
error,0.225399,1761865625.375739,0.007317,0.300000,-0.003220
command,0.242630,1761865625.392970,nan,0.300000,0.011957
error,0.251884,1761865625.402223,0.007317,0.300000,0.011957
command,0.278519,1761865625.428859,nan,0.300000,0.005122
error,0.296488,1761865625.446828,0.007317,0.300000,0.005122
command,0.309313,1761865625.459652,nan,0.300000,0.005122
error,0.319791,1761865625.470130,0.009756,0.300000,0.005122
command,0.341626,1761865625.491965,nan,0.300000,0.013621
error,0.351521,1761865625.501860,0.007317,0.300000,0.013621
command,0.382465,1761865625.532804,nan,0.300000,-0.001324
error,0.392846,1761865625.543186,0.009756,0.300000,-0.001324
command,0.407962,1761865625.558302,nan,0.300000,0.013733
error,0.419466,1761865625.569805,0.009756,0.300000,0.013733
command,0.445005,1761865625.595345,nan,0.300000,0.006829
error,0.460360,1761865625.610699,0.012195,0.300000,0.006829
command,0.474053,1761865625.624393,nan,0.300000,0.015166
error,0.485594,1761865625.635933,0.014634,0.300000,0.015166
command,0.506625,1761865625.656965,nan,0.300000,0.016922
error,0.517472,1761865625.667811,0.014634,0.300000,0.016922
command,0.540245,1761865625.690584,nan,0.300000,0.010244
error,0.557251,1761865625.707590,0.014634,0.300000,0.010244
command,0.572661,1761865625.723001,nan,0.300000,0.010244
error,0.585041,1761865625.735381,0.017073,0.300000,0.010244
command,0.605120,1761865625.755459,nan,0.300000,0.018662
error,0.628642,1761865625.778982,0.019512,0.300000,0.018662
command,0.639817,1761865625.790156,nan,0.300000,0.020166
error,0.652446,1761865625.802786,0.019512,0.300000,0.020166
command,0.671800,1761865625.822140,nan,0.300000,0.013659
error,0.685017,1761865625.835356,0.021951,0.300000,0.013659
command,0.706113,1761865625.856453,nan,0.300000,0.022051
error,0.724888,1761865625.875228,0.021951,0.300000,0.022051
command,0.737861,1761865625.888200,nan,0.300000,0.015366
error,0.751995,1761865625.902334,0.019512,0.300000,0.015366
command,0.773198,1761865625.923537,nan,0.300000,0.007016
error,0.793880,1761865625.944220,0.021951,0.300000,0.007016
command,0.803957,1761865625.954297,nan,0.300000,0.021994
error,0.821258,1761865625.971598,0.024390,0.300000,0.021994
command,0.836213,1761865625.986553,nan,0.300000,0.023740
error,0.853673,1761865626.004013,0.024390,0.300000,0.023740
command,0.869568,1761865626.019908,nan,0.300000,0.017073
error,0.886540,1761865626.036880,0.026829,0.300000,0.017073
command,0.901704,1761865626.052044,nan,0.300000,0.025588
error,0.919268,1761865626.069607,0.029268,0.300000,0.025588
command,0.934827,1761865626.085167,nan,0.300000,0.027076
error,0.959148,1761865626.109488,0.026829,0.300000,0.027076
command,0.968634,1761865626.118973,nan,0.300000,0.012061
error,0.986267,1761865626.136606,0.029268,0.300000,0.012061
command,1.000808,1761865626.151148,nan,0.300000,0.027089
error,1.018840,1761865626.169179,0.031707,0.300000,0.027089
command,1.033977,1761865626.184316,nan,0.300000,0.028812
error,1.051491,1761865626.201830,0.031707,0.300000,0.028812
command,1.067009,1761865626.217348,nan,0.300000,0.022195
error,1.091579,1761865626.241919,0.029268,0.300000,0.022195
command,1.101107,1761865626.251446,nan,0.300000,0.013868
error,1.119895,1761865626.270234,0.026829,0.300000,0.013868
command,1.133374,1761865626.283714,nan,0.300000,0.012126
error,1.151281,1761865626.301621,0.026829,0.300000,0.012126
command,1.166550,1761865626.316889,nan,0.300000,0.018780
error,1.191103,1761865626.341443,0.026829,0.300000,0.018780
command,1.200718,1761865626.351058,nan,0.300000,0.018780
error,1.219207,1761865626.369547,0.024390,0.300000,0.018780
command,1.231862,1761865626.382201,nan,0.300000,0.010270
error,1.251308,1761865626.401648,0.024390,0.300000,0.010270
command,1.264888,1761865626.415227,nan,0.300000,0.017073
error,1.293379,1761865626.443718,0.024390,0.300000,0.017073
command,1.299287,1761865626.449627,nan,0.300000,0.017073
error,1.318736,1761865626.469076,0.012195,0.300000,0.017073
command,1.331056,1761865626.481396,nan,0.300000,-0.024494
error,1.351073,1761865626.501412,0.000000,0.300000,-0.024494
command,1.364126,1761865626.514466,nan,0.300000,-0.033275
error,1.384525,1761865626.534865,-0.017073,0.300000,-0.033275
command,1.397228,1761865626.547568,nan,0.300000,-0.058431
error,1.418465,1761865626.568805,-0.046341,0.300000,-0.058431
command,1.430545,1761865626.580884,nan,0.300000,-0.112017
error,1.459066,1761865626.609406,-0.087805,0.300000,-0.112017
command,1.463827,1761865626.614166,nan,0.300000,-0.176907
error,1.485363,1761865626.635702,-0.139024,0.300000,-0.176907
command,1.496257,1761865626.646596,nan,0.300000,-0.235085
error,1.518116,1761865626.668455,-0.190244,0.300000,-0.235085
command,1.529507,1761865626.679847,nan,0.300000,-0.271856
error,1.557851,1761865626.708190,-0.256098,0.300000,-0.271856
command,1.562888,1761865626.713228,nan,0.300000,-0.362545
error,1.585181,1761865626.735521,-0.329268,0.300000,-0.362545
command,1.595603,1761865626.745943,nan,0.300000,-0.426961
error,1.620345,1761865626.770685,-0.431707,0.300000,-0.426961
command,1.629495,1761865626.779835,nan,0.300000,-0.581073
error,1.651188,1761865626.801528,-0.536585,0.300000,-0.581073
command,1.661691,1761865626.812030,nan,0.300000,-0.666510
error,1.684679,1761865626.835018,-0.536585,0.300000,-0.666510
command,1.694641,1761865626.844981,nan,0.300000,-0.375610
error,1.724209,1761865626.874549,-0.536585,0.300000,-0.375610
command,1.728375,1761865626.878714,nan,0.300000,-0.375610
error,1.751624,1761865626.901963,-0.536585,0.300000,-0.375610
command,1.760581,1761865626.910921,nan,0.300000,-0.375610
error,1.786526,1761865626.936866,-0.439024,0.300000,-0.375610
command,1.794214,1761865626.944554,nan,0.300000,-0.040702
error,1.818790,1761865626.969130,-0.341463,0.300000,-0.040702
command,1.827843,1761865626.978183,nan,0.300000,0.020888
error,1.857920,1761865627.008260,-0.251220,0.300000,0.020888
command,1.859966,1761865627.010305,nan,0.300000,-0.239024
error,1.884630,1761865627.034970,-0.158537,0.300000,-0.239024
command,1.893937,1761865627.044277,nan,0.300000,0.385711
error,1.924349,1761865627.074689,-0.134146,0.300000,0.385711
command,1.926883,1761865627.077223,nan,0.300000,-0.110976
error,1.953421,1761865627.103761,-0.104878,0.300000,-0.110976
command,1.959405,1761865627.109745,nan,0.300000,0.076430
error,1.984227,1761865627.134567,-0.114634,0.300000,0.076430
command,1.992009,1761865627.142349,nan,0.300000,-0.107006
error,2.025762,1761865627.176102,-0.134146,0.300000,-0.107006
command,2.025794,1761865627.176133,nan,0.300000,-0.080244
error,2.050824,1761865627.201164,-0.141463,0.300000,-0.080244
command,2.058035,1761865627.208375,nan,0.300000,-0.173237
error,2.091554,1761865627.241894,-0.126829,0.300000,-0.173237
command,2.091693,1761865627.242033,nan,0.300000,-0.099024
error,2.120082,1761865627.270421,-0.097561,0.300000,-0.099024
command,2.123593,1761865627.273933,nan,0.300000,-0.048832
error,2.150701,1761865627.301040,-0.046341,0.300000,-0.048832
command,2.156824,1761865627.307163,nan,0.300000,0.190902
error,2.184356,1761865627.334696,0.019512,0.300000,0.190902
command,2.190384,1761865627.340724,nan,0.300000,0.190173
command,2.223457,1761865627.373797,nan,0.300000,0.013659
error,2.226308,1761865627.376648,0.102439,0.300000,0.013659
error,2.251157,1761865627.401497,0.195122,0.300000,0.013659
command,2.255506,1761865627.405845,nan,0.300000,0.616295
command,2.288327,1761865627.438667,nan,0.300000,0.136585
error,2.293279,1761865627.443618,0.319512,0.300000,0.136585
error,2.317639,1761865627.467979,0.480488,0.300000,0.136585
command,2.322135,1761865627.472475,nan,0.300000,1.000000
command,2.355408,1761865627.505747,nan,0.300000,0.336341
error,2.357219,1761865627.507558,0.480488,0.300000,0.336341
error,2.385378,1761865627.535718,0.480488,0.300000,0.336341
command,2.389642,1761865627.539982,nan,0.300000,0.336341
error,2.419661,1761865627.570000,0.480488,0.300000,0.336341
command,2.421325,1761865627.571665,nan,0.300000,0.336341
command,2.454321,1761865627.604660,nan,0.300000,0.336341
error,2.459078,1761865627.609418,0.500000,0.300000,0.336341
error,2.485675,1761865627.636014,0.404878,0.300000,0.336341
command,2.487888,1761865627.638228,nan,0.300000,0.402848
command,2.519763,1761865627.670102,nan,0.300000,0.018536
error,2.524353,1761865627.674693,0.304878,0.300000,0.018536
error,2.552863,1761865627.703203,0.185366,0.300000,0.018536
command,2.553095,1761865627.703434,nan,0.300000,-0.061707
command,2.586897,1761865627.737237,nan,0.300000,-0.189489
error,2.591799,1761865627.742139,0.063415,0.300000,-0.189489
command,2.619361,1761865627.769701,nan,0.300000,-0.293138
error,2.621009,1761865627.771348,-0.024390,0.300000,-0.293138
error,2.651557,1761865627.801896,-0.082927,0.300000,-0.293138
command,2.652096,1761865627.802436,nan,0.300000,-0.258751
command,2.685223,1761865627.835562,nan,0.300000,-0.215128
error,2.691624,1761865627.841963,-0.112195,0.300000,-0.215128
error,2.718785,1761865627.869125,-0.119512,0.300000,-0.215128
command,2.718820,1761865627.869160,nan,0.300000,-0.158143
command,2.754056,1761865627.904396,nan,0.300000,-0.103721
error,2.762958,1761865627.913298,-0.112195,0.300000,-0.103721
command,2.784113,1761865627.934453,nan,0.300000,-0.058558
error,2.788072,1761865627.938411,-0.095122,0.300000,-0.058558
command,2.817166,1761865627.967506,nan,0.300000,-0.019737
error,2.818430,1761865627.968770,-0.082927,0.300000,-0.019737
command,2.850952,1761865628.001292,nan,0.300000,-0.025441
error,2.856999,1761865628.007339,-0.075610,0.300000,-0.025441
command,2.883356,1761865628.033695,nan,0.300000,-0.032630
error,2.884598,1761865628.034937,-0.078049,0.300000,-0.032630
command,2.915486,1761865628.065826,nan,0.300000,-0.061382
error,2.923293,1761865628.073632,-0.085366,0.300000,-0.061382
command,2.949544,1761865628.099883,nan,0.300000,-0.079128
error,2.952736,1761865628.103075,-0.092683,0.300000,-0.079128
command,2.981198,1761865628.131537,nan,0.300000,-0.085482
error,2.984205,1761865628.134545,-0.126829,0.300000,-0.085482
command,3.017579,1761865628.167919,nan,0.300000,-0.179600
error,3.024907,1761865628.175246,-0.163415,0.300000,-0.179600
command,3.047790,1761865628.198129,nan,0.300000,-0.216158
error,3.051068,1761865628.201408,-0.207317,0.300000,-0.216158
command,3.081734,1761865628.232074,nan,0.300000,-0.263807
error,3.090389,1761865628.240729,-0.258537,0.300000,-0.263807
command,3.113573,1761865628.263912,nan,0.300000,-0.321378
error,3.119493,1761865628.269832,-0.319512,0.300000,-0.321378
command,3.146390,1761865628.296730,nan,0.300000,-0.391349
error,3.150614,1761865628.300954,-0.382927,0.300000,-0.391349
command,3.183480,1761865628.333819,nan,0.300000,-0.436629
error,3.190219,1761865628.340559,-0.451219,0.300000,-0.436629
command,3.212856,1761865628.363196,nan,0.300000,-0.503470
error,3.218430,1761865628.368770,-0.531707,0.300000,-0.503470
command,3.247899,1761865628.398239,nan,0.300000,-0.592729
error,3.257468,1761865628.407807,-0.568293,0.300000,-0.592729
command,3.278885,1761865628.429225,nan,0.300000,-0.497982
error,3.286795,1761865628.437135,-0.580488,0.300000,-0.497982
command,3.311563,1761865628.461902,nan,0.300000,-0.439385
error,3.317633,1761865628.467973,-0.531707,0.300000,-0.439385
command,3.344494,1761865628.494834,nan,0.300000,-0.237012
error,3.351067,1761865628.501407,-0.429268,0.300000,-0.237012
command,3.380573,1761865628.530912,nan,0.300000,-0.021427
error,3.390738,1761865628.541077,-0.304878,0.300000,-0.021427
command,3.411262,1761865628.561602,nan,0.300000,0.117215
error,3.418792,1761865628.569131,-0.173171,0.300000,0.117215
command,3.446579,1761865628.596919,nan,0.300000,0.237646
error,3.460196,1761865628.610536,-0.070732,0.300000,0.237646
command,3.476699,1761865628.627038,nan,0.300000,0.236788
error,3.485248,1761865628.635588,-0.014634,0.300000,0.236788
command,3.511933,1761865628.662273,nan,0.300000,0.142099
error,3.524669,1761865628.675008,0.009756,0.300000,0.142099
command,3.542882,1761865628.693222,nan,0.300000,0.073067
error,3.551350,1761865628.701690,-0.017073,0.300000,0.073067
command,3.578680,1761865628.729019,nan,0.300000,-0.084870
error,3.591614,1761865628.741953,-0.060976,0.300000,-0.084870
command,3.609122,1761865628.759461,nan,0.300000,-0.161047
error,3.620883,1761865628.771223,-0.134146,0.300000,-0.161047
command,3.644919,1761865628.795258,nan,0.300000,-0.294549
error,3.657350,1761865628.807690,-0.251220,0.300000,-0.294549
command,3.674600,1761865628.824940,nan,0.300000,-0.499936
error,3.684725,1761865628.835064,-0.382927,0.300000,-0.499936
command,3.710648,1761865628.860988,nan,0.300000,-0.629869
error,3.730265,1761865628.880604,-0.382927,0.300000,-0.629869
command,3.742133,1761865628.892473,nan,0.300000,-0.268049
error,3.750788,1761865628.901127,-0.382927,0.300000,-0.268049
command,3.774008,1761865628.924347,nan,0.300000,-0.268049
error,3.786685,1761865628.937024,-0.382927,0.300000,-0.268049
command,3.807942,1761865628.958282,nan,0.300000,-0.268049
error,3.825111,1761865628.975451,-0.382927,0.300000,-0.268049
command,3.839066,1761865628.989406,nan,0.300000,-0.268049
error,3.850849,1761865629.001189,-0.382927,0.300000,-0.268049
command,3.875691,1761865629.026031,nan,0.300000,-0.268049
error,3.890635,1761865629.040974,-0.382927,0.300000,-0.268049
command,3.906022,1761865629.056361,nan,0.300000,-0.268049
error,3.917742,1761865629.068082,-0.382927,0.300000,-0.268049
command,3.942612,1761865629.092952,nan,0.300000,-0.268049
error,3.958325,1761865629.108664,-0.382927,0.300000,-0.268049
command,3.971672,1761865629.122012,nan,0.300000,-0.268049
error,3.983938,1761865629.134278,-0.382927,0.300000,-0.268049
command,4.004859,1761865629.155199,nan,0.300000,-0.268049
error,4.023834,1761865629.174173,-0.382927,0.300000,-0.268049
command,4.037815,1761865629.188154,nan,0.300000,-0.268049
error,4.050423,1761865629.200762,-0.382927,0.300000,-0.268049
command,4.073383,1761865629.223722,nan,0.300000,-0.268049
error,4.097535,1761865629.247875,-0.382927,0.300000,-0.268049
command,4.105388,1761865629.255728,nan,0.300000,-0.268049
error,4.121486,1761865629.271825,-0.382927,0.300000,-0.268049
command,4.137582,1761865629.287921,nan,0.300000,-0.268049
error,4.150553,1761865629.300892,-0.382927,0.300000,-0.268049
command,4.168983,1761865629.319323,nan,0.300000,-0.268049
error,4.197937,1761865629.348276,-0.382927,0.300000,-0.268049
command,4.203359,1761865629.353698,nan,0.300000,-0.268049
command,4.238054,1761865629.388393,nan,0.300000,-0.268049
error,4.245697,1761865629.396036,-0.551220,0.300000,-0.268049
command,4.270399,1761865629.420738,nan,0.300000,-0.842731
error,4.286920,1761865629.437259,-0.468293,0.300000,-0.842731
command,4.301434,1761865629.451773,nan,0.300000,-0.099811
error,4.318885,1761865629.469224,-0.365854,0.300000,-0.099811
command,4.335895,1761865629.486234,nan,0.300000,0.020448
error,4.336423,1761865629.486762,-0.260976,0.300000,0.020448
error,4.354322,1761865629.504661,-0.109756,0.300000,0.020448
command,4.367078,1761865629.517417,nan,0.300000,0.639672
error,4.385213,1761865629.535553,0.041463,0.300000,0.639672
command,4.400823,1761865629.551163,nan,0.300000,0.435310
error,4.419482,1761865629.569821,0.146341,0.300000,0.435310
command,4.433864,1761865629.584204,nan,0.300000,0.390071
error,4.453660,1761865629.604000,0.185366,0.300000,0.390071
command,4.466052,1761865629.616392,nan,0.300000,0.236190
error,4.484419,1761865629.634759,0.158537,0.300000,0.236190
command,4.499249,1761865629.649588,nan,0.300000,0.038291
error,4.523474,1761865629.673814,0.097561,0.300000,0.038291
command,4.533393,1761865629.683733,nan,0.300000,-0.096628
error,4.551565,1761865629.701904,0.019512,0.300000,-0.096628
command,4.565476,1761865629.715815,nan,0.300000,-0.199638
error,4.584145,1761865629.734484,-0.060976,0.300000,-0.199638
command,4.597683,1761865629.748023,nan,0.300000,-0.267795
error,4.628590,1761865629.778929,-0.131707,0.300000,-0.267795
command,4.632289,1761865629.782629,nan,0.300000,-0.042683
error,4.651954,1761865629.802294,-0.195122,0.300000,-0.042683
command,4.664735,1761865629.815075,nan,0.300000,-0.499389
error,4.684604,1761865629.834944,-0.239024,0.300000,-0.499389
command,4.696939,1761865629.847279,nan,0.300000,-0.288636
error,4.717375,1761865629.867715,-0.282927,0.300000,-0.288636
command,4.730059,1761865629.880398,nan,0.300000,-0.316977
error,4.757787,1761865629.908126,-0.287805,0.300000,-0.316977
command,4.764553,1761865629.914893,nan,0.300000,-0.214720
error,4.787382,1761865629.937722,-0.268293,0.300000,-0.214720
command,4.796637,1761865629.946977,nan,0.300000,-0.133464
error,4.818146,1761865629.968486,-0.248780,0.300000,-0.133464
command,4.828947,1761865629.979286,nan,0.300000,-0.121586
error,4.850335,1761865630.000675,-0.209756,0.300000,-0.121586
command,4.862195,1761865630.012535,nan,0.300000,-0.040932
error,4.884243,1761865630.034582,-0.168293,0.300000,-0.040932
command,4.895286,1761865630.045625,nan,0.300000,-0.005647
error,4.917169,1761865630.067509,-0.126829,0.300000,-0.005647
command,4.928487,1761865630.078826,nan,0.300000,0.023887
error,4.959863,1761865630.110203,-0.087805,0.300000,0.023887
command,4.962835,1761865630.113174,nan,0.300000,-0.088780
error,4.985347,1761865630.135686,-0.058537,0.300000,-0.088780
command,4.994941,1761865630.145281,nan,0.300000,0.149387
error,5.017837,1761865630.168177,-0.043902,0.300000,0.149387
command,5.027745,1761865630.178085,nan,0.300000,0.008793
error,5.056317,1761865630.206657,-0.026829,0.300000,0.008793
command,5.060904,1761865630.211243,nan,0.300000,0.028212
error,5.084466,1761865630.234806,-0.034146,0.300000,0.028212
command,5.093695,1761865630.244035,nan,0.300000,-0.043971
command,5.127056,1761865630.277396,nan,0.300000,-0.023902
error,5.130875,1761865630.281214,-0.041463,0.300000,-0.023902
error,5.150862,1761865630.301202,-0.053659,0.300000,-0.023902
command,5.159505,1761865630.309845,nan,0.300000,-0.090813
error,5.184096,1761865630.334435,-0.092683,0.300000,-0.090813
command,5.193010,1761865630.343350,nan,0.300000,-0.172521
error,5.224586,1761865630.374925,-0.129268,0.300000,-0.172521
command,5.226509,1761865630.376848,nan,0.300000,-0.064878
error,5.250829,1761865630.401169,-0.185366,0.300000,-0.064878
command,5.258541,1761865630.408880,nan,0.300000,-0.390511
error,5.286161,1761865630.436501,-0.248780,0.300000,-0.390511
command,5.291362,1761865630.441702,nan,0.300000,-0.347543
error,5.316873,1761865630.467212,-0.326829,0.300000,-0.347543
command,5.325249,1761865630.475588,nan,0.300000,-0.439615
error,5.350182,1761865630.500521,-0.395122,0.300000,-0.439615
command,5.358493,1761865630.508832,nan,0.300000,-0.460475
error,5.390093,1761865630.540432,-0.453659,0.300000,-0.460475
command,5.391180,1761865630.541520,nan,0.300000,-0.276585
error,5.418212,1761865630.568552,-0.490244,0.300000,-0.276585
command,5.424535,1761865630.574875,nan,0.300000,-0.596673
error,5.452295,1761865630.602634,-0.480488,0.300000,-0.596673
command,5.456557,1761865630.606897,nan,0.300000,-0.309382
error,5.483329,1761865630.633668,-0.468293,0.300000,-0.309382
command,5.489866,1761865630.640206,nan,0.300000,-0.294431
error,5.516668,1761865630.667007,-0.397561,0.300000,-0.294431
command,5.523316,1761865630.673656,nan,0.300000,-0.088075
error,5.556719,1761865630.707059,-0.334146,0.300000,-0.088075
command,5.557320,1761865630.707659,nan,0.300000,-0.278293
error,5.583825,1761865630.734164,-0.275610,0.300000,-0.278293
command,5.588934,1761865630.739273,nan,0.300000,0.141330
command,5.623804,1761865630.774144,nan,0.300000,-0.192927
error,5.631862,1761865630.782202,-0.221951,0.300000,-0.192927
error,5.650855,1761865630.801195,-0.185366,0.300000,-0.192927
command,5.654282,1761865630.804621,nan,0.300000,0.118221
error,5.683660,1761865630.834000,-0.170732,0.300000,0.118221
command,5.688357,1761865630.838696,nan,0.300000,-0.080277
command,5.722303,1761865630.872643,nan,0.300000,-0.119512
error,5.723369,1761865630.873709,-0.153659,0.300000,-0.119512
error,5.750342,1761865630.900682,-0.158537,0.300000,-0.119512
command,5.754911,1761865630.905250,nan,0.300000,-0.078150
command,5.789602,1761865630.939942,nan,0.300000,-0.110976
error,5.798260,1761865630.948600,-0.151220,0.300000,-0.110976
error,5.819340,1761865630.969680,-0.139024,0.300000,-0.110976
command,5.820202,1761865630.970542,nan,0.300000,-0.085521
error,5.850498,1761865631.000838,-0.104878,0.300000,-0.085521
command,5.853573,1761865631.003912,nan,0.300000,-0.064587
command,5.887416,1761865631.037756,nan,0.300000,0.021799
error,5.891188,1761865631.041527,-0.068293,0.300000,0.021799
error,5.918084,1761865631.068424,-0.017073,0.300000,0.021799
command,5.921757,1761865631.072096,nan,0.300000,0.045202
command,5.952605,1761865631.102945,nan,0.300000,0.135683
error,5.959282,1761865631.109622,0.026829,0.300000,0.135683
error,5.984401,1761865631.134740,0.112195,0.300000,0.135683
command,5.985438,1761865631.135777,nan,0.300000,0.140437
command,6.017617,1761865631.167956,nan,0.300000,0.312535
error,6.023900,1761865631.174240,0.214634,0.300000,0.312535
error,6.050363,1761865631.200702,0.324390,0.300000,0.312535
command,6.053073,1761865631.203412,nan,0.300000,0.421257
command,6.084326,1761865631.234666,nan,0.300000,0.529357
error,6.090452,1761865631.240791,0.482927,0.300000,0.529357
command,6.117442,1761865631.267782,nan,0.300000,0.769073
error,6.119313,1761865631.269653,0.482927,0.300000,0.769073
command,6.151453,1761865631.301793,nan,0.300000,0.338049
error,6.156352,1761865631.306692,0.482927,0.300000,0.338049
command,6.183012,1761865631.333352,nan,0.300000,0.338049
error,6.183583,1761865631.333923,0.482927,0.300000,0.338049
command,6.216308,1761865631.366647,nan,0.300000,0.338049
error,6.224593,1761865631.374933,0.482927,0.300000,0.338049
command,6.249358,1761865631.399697,nan,0.300000,0.338049
error,6.251396,1761865631.401736,0.482927,0.300000,0.338049
command,6.285705,1761865631.436044,nan,0.300000,0.338049
error,6.297098,1761865631.447437,0.558537,0.300000,0.338049
command,6.314707,1761865631.465046,nan,0.300000,0.600246
error,6.317383,1761865631.467722,0.456098,0.300000,0.600246
command,6.347908,1761865631.498247,nan,0.300000,0.039112
error,6.350093,1761865631.500432,0.351220,0.300000,0.039112
command,6.380636,1761865631.530975,nan,0.300000,-0.039453
error,6.383382,1761865631.533721,0.212195,0.300000,-0.039453
command,6.416050,1761865631.566389,nan,0.300000,-0.231149
error,6.424275,1761865631.574615,0.063415,0.300000,-0.231149
command,6.446693,1761865631.597033,nan,0.300000,-0.357606
error,6.453049,1761865631.603389,-0.041463,0.300000,-0.357606
command,6.480079,1761865631.630419,nan,0.300000,-0.317107
error,6.483391,1761865631.633730,-0.119512,0.300000,-0.317107
command,6.515777,1761865631.666117,nan,0.300000,-0.297080
error,6.528730,1761865631.679069,-0.163415,0.300000,-0.297080
command,6.546301,1761865631.696640,nan,0.300000,-0.231754
error,6.551540,1761865631.701879,-0.158537,0.300000,-0.231754
command,6.579084,1761865631.729423,nan,0.300000,-0.097671
error,6.583535,1761865631.733874,-0.129268,0.300000,-0.097671
command,6.614099,1761865631.764439,nan,0.300000,-0.010144
error,6.626590,1761865631.776930,-0.097561,0.300000,-0.010144
command,6.645286,1761865631.795625,nan,0.300000,0.018291
error,6.651360,1761865631.801700,-0.056098,0.300000,0.018291
command,6.677995,1761865631.828334,nan,0.300000,0.072770
error,6.683652,1761865631.833991,-0.004878,0.300000,0.072770
command,6.710833,1761865631.861172,nan,0.300000,0.137461
error,6.716754,1761865631.867093,0.056098,0.300000,0.137461
command,6.746772,1761865631.897112,nan,0.300000,0.207167
error,6.756403,1761865631.906743,0.112195,0.300000,0.207167
command,6.776381,1761865631.926721,nan,0.300000,0.232400
error,6.786245,1761865631.936585,0.173171,0.300000,0.232400
command,6.810243,1761865631.960583,nan,0.300000,0.284316
error,6.817728,1761865631.968067,0.236585,0.300000,0.284316
command,6.843199,1761865631.993538,nan,0.300000,0.338356
error,6.849952,1761865632.000292,0.302439,0.300000,0.338356
command,6.876185,1761865632.026525,nan,0.300000,0.391795
error,6.883511,1761865632.033850,0.365854,0.300000,0.391795
command,6.912303,1761865632.062642,nan,0.300000,0.428993
error,6.923972,1761865632.074312,0.431707,0.300000,0.428993
command,6.941576,1761865632.091916,nan,0.300000,0.483767
error,6.952295,1761865632.102635,0.526829,0.300000,0.483767
command,6.974577,1761865632.124917,nan,0.300000,0.630023
error,6.983380,1761865632.133719,0.526829,0.300000,0.630023
command,7.010868,1761865632.161207,nan,0.300000,0.368780
error,7.023366,1761865632.173706,0.526829,0.300000,0.368780
command,7.040672,1761865632.191011,nan,0.300000,0.368780
error,7.050141,1761865632.200480,0.526829,0.300000,0.368780
command,7.074323,1761865632.224662,nan,0.300000,0.368780
error,7.083368,1761865632.233708,0.526829,0.300000,0.368780
command,7.106820,1761865632.257159,nan,0.300000,0.368780
error,7.124732,1761865632.275072,0.526829,0.300000,0.368780
command,7.139441,1761865632.289781,nan,0.300000,0.368780
error,7.150388,1761865632.300727,0.526829,0.300000,0.368780
command,7.176243,1761865632.326583,nan,0.300000,0.368780
error,7.190160,1761865632.340500,0.526829,0.300000,0.368780
command,7.205675,1761865632.356015,nan,0.300000,0.368780
error,7.217543,1761865632.367882,0.385366,0.300000,0.368780
command,7.241393,1761865632.391732,nan,0.300000,-0.117716
error,7.256470,1761865632.406809,0.282927,0.300000,-0.117716
command,7.272051,1761865632.422391,nan,0.300000,-0.078071
error,7.287340,1761865632.437679,0.185366,0.300000,-0.078071
command,7.304640,1761865632.454979,nan,0.300000,-0.137318
error,7.316501,1761865632.466840,0.119512,0.300000,-0.137318
command,7.337024,1761865632.487363,nan,0.300000,-0.098640
error,7.349820,1761865632.500160,0.100000,0.300000,-0.098640
command,7.370606,1761865632.520946,nan,0.300000,0.017761
error,7.383043,1761865632.533383,0.109756,0.300000,0.017761
command,7.403685,1761865632.554025,nan,0.300000,0.103849
error,7.417582,1761865632.567921,0.136585,0.300000,0.103849
command,7.435982,1761865632.586321,nan,0.300000,0.168492
error,7.460356,1761865632.610696,0.182927,0.300000,0.168492
command,7.470279,1761865632.620619,nan,0.300000,0.252970
error,7.486231,1761865632.636570,0.214634,0.300000,0.252970
command,7.503435,1761865632.653774,nan,0.300000,0.235922
error,7.517024,1761865632.667363,0.251220,0.300000,0.235922
command,7.539146,1761865632.689486,nan,0.300000,0.275597
error,7.556703,1761865632.707042,0.295122,0.300000,0.275597
command,7.568159,1761865632.718499,nan,0.300000,0.328946
error,7.585275,1761865632.735614,0.329268,0.300000,0.328946
command,7.601171,1761865632.751510,nan,0.300000,0.322538
error,7.625186,1761865632.775526,0.365854,0.300000,0.322538
command,7.636014,1761865632.786354,nan,0.300000,0.355223
error,7.651884,1761865632.802224,0.402439,0.300000,0.355223
command,7.666996,1761865632.817335,nan,0.300000,0.383351
error,7.684724,1761865632.835063,0.439024,0.300000,0.383351
command,7.700225,1761865632.850564,nan,0.300000,0.406146
error,7.724528,1761865632.874867,0.478049,0.300000,0.406146
command,7.734193,1761865632.884533,nan,0.300000,0.439894
error,7.752267,1761865632.902607,0.502439,0.300000,0.439894
command,7.766253,1761865632.916593,nan,0.300000,0.418663
error,7.785556,1761865632.935895,0.502439,0.300000,0.418663
command,7.799234,1761865632.949574,nan,0.300000,0.351707
error,7.823667,1761865632.974006,0.463415,0.300000,0.351707
command,7.833597,1761865632.983937,nan,0.300000,0.218338
error,7.851453,1761865633.001792,0.400000,0.300000,0.218338
command,7.864762,1761865633.015101,nan,0.300000,0.103034
error,7.889878,1761865633.040217,0.329268,0.300000,0.103034
command,7.899264,1761865633.049604,nan,0.300000,0.039004
error,7.917015,1761865633.067354,0.256098,0.300000,0.039004
command,7.931164,1761865633.081504,nan,0.300000,-0.018393
error,7.959307,1761865633.109647,0.207317,0.300000,-0.018393
command,7.965886,1761865633.116226,nan,0.300000,0.012073
error,7.984243,1761865633.134583,0.204878,0.300000,0.012073
command,7.996922,1761865633.147261,nan,0.300000,0.136665
error,8.017277,1761865633.167616,0.209756,0.300000,0.136665
command,8.030029,1761865633.180368,nan,0.300000,0.160044
error,8.049522,1761865633.199861,0.251220,0.300000,0.160044
command,8.063085,1761865633.213424,nan,0.300000,0.288493
error,8.083013,1761865633.233352,0.278049,0.300000,0.288493
command,8.096245,1761865633.246585,nan,0.300000,0.267701
error,8.118454,1761865633.268794,0.321951,0.300000,0.267701
command,8.129350,1761865633.279690,nan,0.300000,0.344531
error,8.149632,1761865633.299972,0.336585,0.300000,0.344531
command,8.162575,1761865633.312915,nan,0.300000,0.275376
error,8.183020,1761865633.333360,0.378049,0.300000,0.275376
command,8.194878,1761865633.345218,nan,0.300000,0.379977
error,8.223298,1761865633.373637,0.380488,0.300000,0.379977
command,8.229469,1761865633.379808,nan,0.300000,0.272966
error,8.251130,1761865633.401470,0.368293,0.300000,0.272966
command,8.261964,1761865633.412304,nan,0.300000,0.225069
error,8.291831,1761865633.442171,0.375610,0.300000,0.225069
command,8.296592,1761865633.446931,nan,0.300000,0.257805
error,8.317322,1761865633.467662,0.334146,0.300000,0.257805
command,8.327385,1761865633.477725,nan,0.300000,0.139152
error,8.349293,1761865633.499633,0.287805,0.300000,0.139152
command,8.360059,1761865633.510399,nan,0.300000,0.074048
error,8.390409,1761865633.540749,0.239024,0.300000,0.074048
command,8.395051,1761865633.545390,nan,0.300000,0.201463
error,8.417441,1761865633.567780,0.195122,0.300000,0.201463
command,8.426892,1761865633.577231,nan,0.300000,-0.121396
error,8.460310,1761865633.610650,0.151220,0.300000,-0.121396
command,8.460693,1761865633.611032,nan,0.300000,0.136585
error,8.483823,1761865633.634163,0.104878,0.300000,0.136585
command,8.493292,1761865633.643631,nan,0.300000,-0.174067
error,8.523747,1761865633.674086,0.078049,0.300000,-0.174067
command,8.526202,1761865633.676542,nan,0.300000,0.073415
error,8.550194,1761865633.700534,0.043902,0.300000,0.073415
command,8.559526,1761865633.709865,nan,0.300000,-0.133500
error,8.583025,1761865633.733364,0.029268,0.300000,-0.133500
command,8.592181,1761865633.742521,nan,0.300000,-0.019666
error,8.625977,1761865633.776317,0.009756,0.300000,-0.019666
command,8.626631,1761865633.776970,nan,0.300000,0.020488
error,8.649970,1761865633.800310,0.007317,0.300000,0.020488
command,8.658004,1761865633.808343,nan,0.300000,-0.055877
error,8.690352,1761865633.840692,0.012195,0.300000,-0.055877
command,8.691934,1761865633.842273,nan,0.300000,0.005122
error,8.717139,1761865633.867478,0.009756,0.300000,0.005122
command,8.724614,1761865633.874954,nan,0.300000,0.013406
error,8.749194,1761865633.899534,0.014634,0.300000,0.013406
command,8.757223,1761865633.907563,nan,0.300000,0.023721
command,8.790446,1761865633.940785,nan,0.300000,0.010244
error,8.791931,1761865633.942271,0.019512,0.300000,0.010244
error,8.817681,1761865633.968021,0.034146,0.300000,0.010244
command,8.823926,1761865633.974265,nan,0.300000,0.076990
error,8.856776,1761865634.007115,0.043902,0.300000,0.076990
command,8.857187,1761865634.007527,nan,0.300000,0.023902
error,8.882956,1761865634.033296,0.056098,0.300000,0.023902
command,8.889592,1761865634.039931,nan,0.300000,0.098520
error,8.915993,1761865634.066332,0.068293,0.300000,0.098520
command,8.921729,1761865634.072069,nan,0.300000,0.081848
command,8.955482,1761865634.105822,nan,0.300000,0.047805
error,8.958650,1761865634.108989,0.078049,0.300000,0.047805
error,8.983277,1761865634.133616,0.087805,0.300000,0.047805
command,8.987782,1761865634.138122,nan,0.300000,0.114741
error,9.017844,1761865634.168183,0.095122,0.300000,0.114741
command,9.021548,1761865634.171887,nan,0.300000,0.061463
command,9.054901,1761865634.205240,nan,0.300000,0.086255
error,9.056752,1761865634.207091,0.100000,0.300000,0.086255
error,9.083242,1761865634.233582,0.102439,0.300000,0.086255
command,9.087081,1761865634.237420,nan,0.300000,0.083484
command,9.120171,1761865634.270510,nan,0.300000,0.078264
error,9.125270,1761865634.275609,0.097561,0.300000,0.078264
error,9.149795,1761865634.300134,0.080488,0.300000,0.078264
command,9.153179,1761865634.303519,nan,0.300000,0.054891
error,9.182838,1761865634.333178,0.046341,0.300000,0.054891
command,9.186371,1761865634.336710,nan,0.300000,0.009981
command,9.219184,1761865634.369523,nan,0.300000,-0.060534
error,9.223890,1761865634.374230,0.002439,0.300000,-0.060534
error,9.250351,1761865634.400691,-0.041463,0.300000,-0.060534
command,9.252186,1761865634.402526,nan,0.300000,-0.119129
command,9.288407,1761865634.438746,nan,0.300000,-0.147944
error,9.297905,1761865634.448245,-0.107317,0.300000,-0.147944
error,9.317062,1761865634.467402,-0.180488,0.300000,-0.147944
command,9.318504,1761865634.468843,nan,0.300000,-0.255260
error,9.349901,1761865634.500241,-0.260976,0.300000,-0.255260
command,9.350874,1761865634.501214,nan,0.300000,-0.330381
error,9.382999,1761865634.533338,-0.356098,0.300000,-0.330381
command,9.384754,1761865634.535093,nan,0.300000,-0.398938
command,9.419014,1761865634.569353,nan,0.300000,-0.510061
error,9.424224,1761865634.574564,-0.446341,0.300000,-0.510061
command,9.450227,1761865634.600566,nan,0.300000,-0.557669
error,9.452190,1761865634.602529,-0.536585,0.300000,-0.557669
command,9.482784,1761865634.633123,nan,0.300000,-0.625335
error,9.490167,1761865634.640507,-0.587805,0.300000,-0.625335
command,9.516622,1761865634.666961,nan,0.300000,-0.549576
error,9.516739,1761865634.667078,-0.578049,0.300000,-0.549576
command,9.549625,1761865634.699964,nan,0.300000,-0.377982
error,9.549669,1761865634.700009,-0.507317,0.300000,-0.377982
command,9.583901,1761865634.734241,nan,0.300000,-0.162309
error,9.588800,1761865634.739140,-0.365854,0.300000,-0.162309
command,9.614761,1761865634.765100,nan,0.300000,0.129274
error,9.619258,1761865634.769597,-0.219512,0.300000,0.129274
command,9.648379,1761865634.798718,nan,0.300000,0.246429
error,9.655905,1761865634.806245,-0.095122,0.300000,0.246429
command,9.681904,1761865634.832244,nan,0.300000,0.265634
error,9.683135,1761865634.833475,0.000000,0.300000,0.265634
command,9.713931,1761865634.864271,nan,0.300000,0.264206
error,9.716223,1761865634.866563,0.043902,0.300000,0.264206
command,9.748254,1761865634.898593,nan,0.300000,0.149118
error,9.749303,1761865634.899643,0.036585,0.300000,0.149118
command,9.783257,1761865634.933596,nan,0.300000,0.005592
error,9.790974,1761865634.941313,-0.007317,0.300000,0.005592
command,9.812901,1761865634.963241,nan,0.300000,-0.124856
error,9.817301,1761865634.967641,-0.097561,0.300000,-0.124856
command,9.847282,1761865634.997621,nan,0.300000,-0.315897
error,9.855990,1761865635.006330,-0.224390,0.300000,-0.315897
command,9.879158,1761865635.029497,nan,0.300000,-0.498866
error,9.882845,1761865635.033184,-0.397561,0.300000,-0.498866
command,9.912743,1761865635.063083,nan,0.300000,-0.752694
error,9.923073,1761865635.073413,-0.397561,0.300000,-0.752694
command,9.944766,1761865635.095105,nan,0.300000,-0.278293
error,9.951234,1761865635.101574,-0.397561,0.300000,-0.278293
command,9.977428,1761865635.127768,nan,0.300000,-0.278293
error,9.982589,1761865635.132929,-0.397561,0.300000,-0.278293
command,10.011001,1761865635.161340,nan,0.300000,-0.278293
error,10.016448,1761865635.166788,-0.397561,0.300000,-0.278293
command,10.043539,1761865635.193879,nan,0.300000,-0.278293
error,10.048824,1761865635.199164,-0.397561,0.300000,-0.278293
command,10.080041,1761865635.230380,nan,0.300000,-0.278293
error,10.088667,1761865635.239006,-0.397561,0.300000,-0.278293
command,10.109995,1761865635.260335,nan,0.300000,-0.278293
error,10.117920,1761865635.268259,-0.397561,0.300000,-0.278293
command,10.145944,1761865635.296283,nan,0.300000,-0.278293
error,10.156294,1761865635.306634,-0.397561,0.300000,-0.278293
command,10.176193,1761865635.326532,nan,0.300000,-0.278293
error,10.182563,1761865635.332903,-0.397561,0.300000,-0.278293
command,10.212293,1761865635.362633,nan,0.300000,-0.278293
error,10.229220,1761865635.379560,-0.397561,0.300000,-0.278293
command,10.242387,1761865635.392727,nan,0.300000,-0.278293
error,10.249593,1761865635.399933,-0.397561,0.300000,-0.278293
command,10.275493,1761865635.425833,nan,0.300000,-0.278293
error,10.284652,1761865635.434992,-0.397561,0.300000,-0.278293
command,10.308262,1761865635.458601,nan,0.300000,-0.278293
error,10.315537,1761865635.465877,-0.397561,0.300000,-0.278293
command,10.344105,1761865635.494444,nan,0.300000,-0.278293
error,10.355105,1761865635.505445,-0.397561,0.300000,-0.278293
command,10.373946,1761865635.524285,nan,0.300000,-0.278293
error,10.382670,1761865635.533010,-0.397561,0.300000,-0.278293
command,10.407981,1761865635.558321,nan,0.300000,-0.278293
error,10.423457,1761865635.573797,-0.429268,0.300000,-0.278293
command,10.439200,1761865635.589540,nan,0.300000,-0.387799
error,10.451383,1761865635.601723,-0.326829,0.300000,-0.387799
command,10.472812,1761865635.623152,nan,0.300000,0.046014
error,10.482724,1761865635.633063,-0.226829,0.300000,0.046014
command,10.512441,1761865635.662781,nan,0.300000,0.116474
error,10.523254,1761865635.673593,-0.117073,0.300000,0.116474
command,10.537982,1761865635.688322,nan,0.300000,0.221105
error,10.550264,1761865635.700604,-0.026829,0.300000,0.221105
command,10.571523,1761865635.721862,nan,0.300000,0.223114
error,10.582929,1761865635.733268,0.034146,0.300000,0.223114
command,10.605546,1761865635.755885,nan,0.300000,0.192621
error,10.627398,1761865635.777737,0.060976,0.300000,0.192621
command,10.638431,1761865635.788770,nan,0.300000,0.114430
error,10.650526,1761865635.800866,0.060976,0.300000,0.114430
command,10.670744,1761865635.821083,nan,0.300000,0.042683
error,10.683234,1761865635.833573,0.046341,0.300000,0.042683
command,10.706588,1761865635.856928,nan,0.300000,-0.007974
error,10.724841,1761865635.875181,0.024390,0.300000,-0.007974
command,10.737203,1761865635.887542,nan,0.300000,-0.042087
error,10.750011,1761865635.900350,-0.002439,0.300000,-0.042087
command,10.769824,1761865635.920164,nan,0.300000,-0.074737
error,10.793446,1761865635.943786,-0.026829,0.300000,-0.074737
command,10.803629,1761865635.953969,nan,0.300000,-0.086125
error,10.820200,1761865635.970540,-0.056098,0.300000,-0.086125
command,10.835301,1761865635.985641,nan,0.300000,-0.120053
error,10.851661,1761865636.002001,-0.068293,0.300000,-0.120053
command,10.869367,1761865636.019706,nan,0.300000,-0.080246
error,10.883059,1761865636.033399,-0.097561,0.300000,-0.080246
command,10.906744,1761865636.057083,nan,0.300000,-0.147557
error,10.924225,1761865636.074564,-0.119512,0.300000,-0.147557
command,10.937509,1761865636.087849,nan,0.500000,-0.143630
error,10.953010,1761865636.103350,-0.134146,0.500000,-0.143630
command,10.967866,1761865636.118205,nan,0.500000,-0.133846
error,10.985071,1761865636.135410,-0.151220,0.500000,-0.133846
command,11.000016,1761865636.150356,nan,0.500000,-0.153330
error,11.018162,1761865636.168501,-0.160976,0.500000,-0.153330
command,11.033580,1761865636.183919,nan,0.500000,-0.139090
error,11.054516,1761865636.204856,-0.170732,0.500000,-0.139090
command,11.065998,1761865636.216337,nan,0.500000,-0.146615
error,11.083452,1761865636.233791,-0.180488,0.500000,-0.146615
command,11.098965,1761865636.249305,nan,0.500000,-0.152460
error,11.130344,1761865636.280684,-0.187805,0.500000,-0.152460
command,11.134294,1761865636.284634,nan,0.500000,-0.126341
error,11.152385,1761865636.302725,-0.195122,0.500000,-0.126341
command,11.166600,1761865636.316940,nan,0.500000,-0.176136
error,11.184476,1761865636.334815,-0.200000,0.500000,-0.176136
command,11.197719,1761865636.348059,nan,0.500000,-0.153634
error,11.223867,1761865636.374207,-0.204878,0.500000,-0.153634
command,11.232658,1761865636.382997,nan,0.500000,-0.156474
error,11.251794,1761865636.402133,-0.207317,0.500000,-0.156474
command,11.264641,1761865636.414980,nan,0.500000,-0.151766
error,11.285054,1761865636.435393,-0.212195,0.500000,-0.151766
command,11.296804,1761865636.447143,nan,0.500000,-0.162088
error,11.315977,1761865636.466316,-0.214634,0.500000,-0.162088
command,11.329953,1761865636.480293,nan,0.500000,-0.156864
error,11.348974,1761865636.499314,-0.212195,0.500000,-0.156864
command,11.363000,1761865636.513340,nan,0.500000,-0.141915
error,11.389397,1761865636.539737,-0.207317,0.500000,-0.141915
command,11.397306,1761865636.547646,nan,0.500000,-0.131849
error,11.417742,1761865636.568081,-0.202439,0.500000,-0.131849
command,11.429271,1761865636.579610,nan,0.500000,-0.128451
error,11.458163,1761865636.608503,-0.192683,0.500000,-0.128451
command,11.463908,1761865636.614247,nan,0.500000,-0.108384
error,11.484250,1761865636.634589,-0.182927,0.500000,-0.108384
command,11.495243,1761865636.645582,nan,0.500000,-0.100873
error,11.515920,1761865636.666260,-0.175610,0.500000,-0.100873
command,11.528495,1761865636.678834,nan,0.500000,-0.103373
error,11.555952,1761865636.706291,-0.163415,0.500000,-0.103373
command,11.562386,1761865636.712725,nan,0.500000,-0.080328
error,11.583170,1761865636.733510,-0.156098,0.500000,-0.080328
command,11.594100,1761865636.744439,nan,0.500000,-0.089498
error,11.618871,1761865636.769210,-0.141463,0.500000,-0.089498
command,11.628512,1761865636.778852,nan,0.500000,-0.059583
error,11.649250,1761865636.799590,-0.126829,0.500000,-0.059583
command,11.660202,1761865636.810541,nan,0.500000,-0.048166
error,11.682341,1761865636.832680,-0.114634,0.500000,-0.048166
command,11.693449,1761865636.843789,nan,0.500000,-0.047587
error,11.722086,1761865636.872425,-0.102439,0.500000,-0.047587
command,11.726528,1761865636.876868,nan,0.500000,-0.037521
error,11.749276,1761865636.899616,-0.090244,0.500000,-0.037521
command,11.759748,1761865636.910087,nan,0.500000,-0.030838
error,11.792034,1761865636.942374,-0.075610,0.500000,-0.030838
command,11.793956,1761865636.944296,nan,0.500000,-0.063171
error,11.817429,1761865636.967768,-0.060976,0.500000,-0.063171
command,11.826493,1761865636.976833,nan,0.500000,0.036619
error,11.849056,1761865636.999396,-0.046341,0.500000,0.036619
command,11.859154,1761865637.009493,nan,0.500000,0.007021
error,11.882712,1761865637.033051,-0.029268,0.500000,0.007021
command,11.892459,1761865637.042799,nan,0.500000,0.026288
error,11.915633,1761865637.065973,-0.012195,0.500000,0.026288
command,11.925658,1761865637.075997,nan,0.500000,0.037731
error,11.951383,1761865637.101723,0.002439,0.500000,0.037731
command,11.958430,1761865637.108769,nan,0.500000,0.042567
error,11.982637,1761865637.132976,0.014634,0.500000,0.042567
command,11.991664,1761865637.142004,nan,0.500000,0.042786
error,12.023108,1761865637.173448,0.029268,0.500000,0.042786
command,12.024582,1761865637.174922,nan,0.500000,0.010244
error,12.049141,1761865637.199480,0.043902,0.500000,0.010244
command,12.057940,1761865637.208280,nan,0.500000,0.108576
error,12.082306,1761865637.232646,0.053659,0.500000,0.108576
command,12.090899,1761865637.241239,nan,0.500000,0.064042
command,12.123822,1761865637.274162,nan,0.500000,0.037561
error,12.124338,1761865637.274678,0.068293,0.500000,0.037561
error,12.149137,1761865637.299477,0.075610,0.500000,0.037561
command,12.154811,1761865637.305151,nan,0.400000,0.113601
command,12.189281,1761865637.339621,nan,0.400000,0.052927
error,12.189312,1761865637.339651,0.090244,0.400000,0.052927
error,12.217214,1761865637.367553,0.104878,0.400000,0.052927
command,12.221142,1761865637.371481,nan,0.400000,0.154381
error,12.249103,1761865637.399442,0.117073,0.400000,0.154381
command,12.255256,1761865637.405596,nan,0.400000,0.114739
command,12.287698,1761865637.438038,nan,0.400000,0.081951
error,12.291813,1761865637.442153,0.124390,0.400000,0.081951
error,12.316196,1761865637.466536,0.131707,0.400000,0.081951
command,12.319844,1761865637.470184,nan,0.400000,0.132130
command,12.354806,1761865637.505146,nan,0.400000,0.092195
error,12.356247,1761865637.506587,0.141463,0.400000,0.092195
error,12.382451,1761865637.532790,0.143902,0.400000,0.092195
command,12.386601,1761865637.536941,nan,0.400000,0.134053
command,12.419383,1761865637.569722,nan,0.400000,0.100732
error,12.423461,1761865637.573800,0.146341,0.400000,0.100732
error,12.452904,1761865637.603243,0.151220,0.400000,0.100732
command,12.453570,1761865637.603910,nan,0.400000,0.108923
error,12.484366,1761865637.634706,0.151220,0.400000,0.108923
command,12.486687,1761865637.637027,nan,0.400000,0.119183
command,12.518381,1761865637.668721,nan,0.400000,0.105854
error,12.522780,1761865637.673120,0.151220,0.400000,0.105854
error,12.549509,1761865637.699849,0.151220,0.400000,0.105854
command,12.551758,1761865637.702098,nan,0.400000,0.105854
command,12.585647,1761865637.735987,nan,0.400000,0.105854
error,12.589635,1761865637.739975,0.151220,0.400000,0.105854
command,12.618270,1761865637.768610,nan,0.400000,0.105854
error,12.619562,1761865637.769902,0.148780,0.400000,0.105854
error,12.650674,1761865637.801013,0.143902,0.400000,0.105854
command,12.651093,1761865637.801433,nan,0.400000,0.097465
command,12.684026,1761865637.834365,nan,0.400000,0.087731
error,12.689189,1761865637.839529,0.141463,0.400000,0.087731
error,12.716664,1761865637.867004,0.136585,0.400000,0.087731
command,12.717266,1761865637.867605,nan,0.400000,0.092299
command,12.752635,1761865637.902975,nan,0.400000,0.082544
error,12.757133,1761865637.907472,0.129268,0.400000,0.082544
command,12.782588,1761865637.932927,nan,0.400000,0.069985
error,12.785235,1761865637.935574,0.119512,0.400000,0.069985
command,12.816236,1761865637.966576,nan,0.400000,0.056992
error,12.824224,1761865637.974564,0.114634,0.400000,0.056992
command,12.849727,1761865638.000067,nan,0.400000,0.067237
error,12.850078,1761865638.000418,0.107317,0.400000,0.067237
command,12.882110,1761865638.032449,nan,0.400000,0.054980
error,12.890118,1761865638.040457,0.100000,0.400000,0.054980
command,12.916020,1761865638.066359,nan,0.400000,0.050092
error,12.916411,1761865638.066751,0.092683,0.400000,0.050092
command,12.950173,1761865638.100513,nan,0.400000,0.044756
error,12.958092,1761865638.108432,0.085366,0.400000,0.044756
command,12.981247,1761865638.131587,nan,0.400000,0.040030
error,12.983271,1761865638.133610,0.078049,0.400000,0.040030
command,13.015697,1761865638.166036,nan,0.400000,0.034272
error,13.025049,1761865638.175389,0.065854,0.400000,0.034272
command,13.046504,1761865638.196844,nan,0.400000,0.013045
error,13.050029,1761865638.200369,0.060976,0.400000,0.013045
command,13.079278,1761865638.229618,nan,0.400000,0.029280
error,13.089830,1761865638.240170,0.051220,0.400000,0.029280
command,13.112938,1761865638.263278,nan,0.400000,0.009843
error,13.118467,1761865638.268806,0.046341,0.400000,0.009843
command,13.145738,1761865638.296078,nan,0.400000,0.019047
error,13.149556,1761865638.299895,0.041463,0.400000,0.019047
command,13.181523,1761865638.331863,nan,0.400000,0.015655
error,13.188736,1761865638.339075,0.039024,0.400000,0.015655
command,13.211971,1761865638.362310,nan,0.400000,0.020754
error,13.217257,1761865638.367597,0.029268,0.400000,0.020754
command,13.248617,1761865638.398957,nan,0.400000,-0.006303
error,13.256597,1761865638.406937,0.024390,0.400000,-0.006303
command,13.278199,1761865638.428539,nan,0.400000,0.003874
error,13.285041,1761865638.435381,0.019512,0.400000,0.003874
command,13.311330,1761865638.461669,nan,0.400000,0.000333
error,13.315899,1761865638.466239,0.014634,0.400000,0.000333
command,13.346987,1761865638.497327,nan,0.400000,-0.003054
error,13.356292,1761865638.506631,0.009756,0.400000,-0.003054
command,13.377070,1761865638.527409,nan,0.400000,-0.006429
error,13.382524,1761865638.532863,0.004878,0.400000,-0.006429
command,13.412413,1761865638.562753,nan,0.400000,-0.009983
error,13.424435,1761865638.574775,0.002439,0.400000,-0.009983
command,13.442501,1761865638.592840,nan,0.400000,-0.005099
error,13.451459,1761865638.601799,0.000000,0.400000,-0.005099
command,13.478841,1761865638.629180,nan,0.400000,-0.006643
error,13.488564,1761865638.638904,0.002439,0.400000,-0.006643
command,13.508581,1761865638.658921,nan,0.400000,0.008331
error,13.516019,1761865638.666358,0.000000,0.400000,0.008331
command,13.544849,1761865638.695188,nan,0.400000,-0.006620
error,13.556259,1761865638.706598,0.004878,0.400000,-0.006620
command,13.574615,1761865638.724955,nan,0.400000,0.016815
error,13.582551,1761865638.732891,0.009756,0.400000,0.016815
command,13.611023,1761865638.761363,nan,0.400000,0.020077
error,13.630412,1761865638.780752,0.009756,0.400000,0.020077
command,13.642214,1761865638.792554,nan,0.400000,0.006829
error,13.649773,1761865638.800112,0.014634,0.400000,0.006829
command,13.674313,1761865638.824653,nan,0.400000,0.023406
error,13.683089,1761865638.833428,0.014634,0.400000,0.023406
command,13.710991,1761865638.861331,nan,0.400000,0.010244
error,13.721781,1761865638.872121,0.014634,0.400000,0.010244
command,13.739902,1761865638.890242,nan,0.400000,0.010244
error,13.749601,1761865638.899941,0.019512,0.400000,0.010244
command,13.777213,1761865638.927553,nan,0.300000,0.026626
error,13.791051,1761865638.941391,0.019512,0.300000,0.026626
command,13.805963,1761865638.956303,nan,0.300000,0.013659
error,13.817074,1761865638.967413,0.021951,0.300000,0.013659
command,13.838605,1761865638.988945,nan,0.300000,0.022036
error,13.848787,1761865638.999127,0.024390,0.300000,0.022036
command,13.873793,1761865639.024133,nan,0.300000,0.023788
error,13.889062,1761865639.039402,0.029268,0.300000,0.023788
command,13.903912,1761865639.054251,nan,0.300000,0.033838
error,13.916284,1761865639.066624,0.031707,0.300000,0.033838
command,13.937964,1761865639.088303,nan,0.300000,0.028760
error,13.958301,1761865639.108641,0.039024,0.300000,0.028760
command,13.970715,1761865639.121054,nan,0.300000,0.047181
error,13.982835,1761865639.133174,0.026829,0.300000,0.047181
command,14.003669,1761865639.154009,nan,0.300000,-0.014701
error,14.023253,1761865639.173592,0.009756,0.300000,-0.014701
command,14.036294,1761865639.186634,nan,0.300000,-0.039846
error,14.048944,1761865639.199284,-0.021951,0.300000,-0.039846
command,14.070856,1761865639.221196,nan,0.300000,-0.100060
error,14.089275,1761865639.239614,-0.080488,0.300000,-0.100060
command,14.102009,1761865639.252349,nan,0.300000,-0.219678
error,14.119587,1761865639.269927,-0.141463,0.300000,-0.219678
command,14.135916,1761865639.286256,nan,0.300000,-0.263329
error,14.150947,1761865639.301287,-0.219512,0.300000,-0.263329
command,14.171219,1761865639.321558,nan,0.300000,-0.367387
error,14.190662,1761865639.341002,-0.300000,0.300000,-0.367387
command,14.201797,1761865639.352137,nan,0.300000,-0.428463
error,14.219509,1761865639.369848,-0.378049,0.300000,-0.428463
command,14.234280,1761865639.384619,nan,0.300000,-0.479045
error,14.251565,1761865639.401904,-0.460976,0.300000,-0.479045
command,14.267266,1761865639.417605,nan,0.300000,-0.546838
error,14.291861,1761865639.442200,-0.519512,0.300000,-0.546838
command,14.301786,1761865639.452126,nan,0.300000,-0.522111
error,14.318973,1761865639.469313,-0.536585,0.300000,-0.522111
command,14.332604,1761865639.482944,nan,0.300000,-0.423582
error,14.350004,1761865639.500343,-0.492683,0.300000,-0.423582
command,14.365836,1761865639.516175,nan,0.300000,-0.226127
error,14.389563,1761865639.539903,-0.395122,0.300000,-0.226127
command,14.400082,1761865639.550421,nan,0.300000,-0.013096
error,14.417532,1761865639.567872,-0.287805,0.300000,-0.013096
command,14.432165,1761865639.582505,nan,0.300000,0.089824
error,14.450361,1761865639.600701,-0.185366,0.300000,0.089824
command,14.465382,1761865639.615722,nan,0.300000,0.149027
error,14.483212,1761865639.633551,-0.117073,0.300000,0.149027
command,14.498636,1761865639.648975,nan,0.300000,0.103127
error,14.523187,1761865639.673526,-0.075610,0.300000,0.103127
command,14.532542,1761865639.682882,nan,0.300000,0.061062
error,14.550274,1761865639.700613,-0.073171,0.300000,0.061062
command,14.563779,1761865639.714118,nan,0.300000,-0.044452
error,14.582248,1761865639.732587,-0.114634,0.300000,-0.044452
command,14.596866,1761865639.747206,nan,0.300000,-0.192753
error,14.618618,1761865639.768958,-0.185366,0.300000,-0.192753
command,14.630067,1761865639.780407,nan,0.300000,-0.321379
error,14.648760,1761865639.799100,-0.278049,0.300000,-0.321379
command,14.663208,1761865639.813548,nan,0.300000,-0.446347
error,14.682036,1761865639.832376,-0.395122,0.300000,-0.446347
command,14.696346,1761865639.846685,nan,0.300000,-0.594550
error,14.722763,1761865639.873103,-0.395122,0.300000,-0.594550
command,14.731190,1761865639.881530,nan,0.300000,-0.276585
error,14.749542,1761865639.899882,-0.395122,0.300000,-0.276585
command,14.762102,1761865639.912441,nan,0.300000,-0.276585
error,14.783939,1761865639.934278,-0.395122,0.300000,-0.276585
command,14.795218,1761865639.945557,nan,0.300000,-0.276585
error,14.815952,1761865639.966291,-0.395122,0.300000,-0.276585
command,14.828322,1761865639.978662,nan,0.300000,-0.276585
error,14.848353,1761865639.998692,-0.395122,0.300000,-0.276585
command,14.861496,1761865640.011835,nan,0.300000,-0.276585
error,14.888230,1761865640.038570,-0.395122,0.300000,-0.276585
command,14.895070,1761865640.045410,nan,0.300000,-0.276585
error,14.915889,1761865640.066229,-0.395122,0.300000,-0.276585
command,14.927002,1761865640.077342,nan,0.300000,-0.276585
error,14.950401,1761865640.100740,-0.395122,0.300000,-0.276585
command,14.960751,1761865640.111091,nan,0.300000,-0.276585
error,14.988151,1761865640.138490,-0.395122,0.300000,-0.276585
command,14.994149,1761865640.144488,nan,0.300000,-0.276585
error,15.016426,1761865640.166766,-0.395122,0.300000,-0.276585
command,15.026793,1761865640.177133,nan,0.300000,-0.276585
error,15.048469,1761865640.198809,-0.395122,0.300000,-0.276585
command,15.059001,1761865640.209340,nan,0.300000,-0.276585
error,15.088602,1761865640.238942,-0.395122,0.300000,-0.276585
command,15.092951,1761865640.243291,nan,0.300000,-0.276585
error,15.117749,1761865640.268089,-0.395122,0.300000,-0.276585
command,15.126648,1761865640.276988,nan,0.300000,-0.276585
error,15.148171,1761865640.298510,-0.497561,0.300000,-0.276585
command,15.158668,1761865640.309008,nan,0.300000,-0.629767
error,15.181559,1761865640.331899,-0.434146,0.300000,-0.629767
command,15.191588,1761865640.341928,nan,0.300000,-0.130829
error,15.224725,1761865640.375064,-0.360976,0.300000,-0.130829
command,15.225223,1761865640.375563,nan,0.300000,-0.303902
error,15.249193,1761865640.399533,-0.239024,0.300000,-0.303902
command,15.258547,1761865640.408886,nan,0.300000,0.353937
error,15.291115,1761865640.441454,-0.148780,0.300000,0.353937
command,15.291155,1761865640.441494,nan,0.300000,-0.167317
error,15.316901,1761865640.467240,-0.073171,0.300000,-0.167317
command,15.325136,1761865640.475476,nan,0.300000,0.389547
error,15.348473,1761865640.498812,-0.063415,0.300000,0.389547
command,15.357225,1761865640.507565,nan,0.300000,-0.017263
error,15.382146,1761865640.532485,-0.073171,0.300000,-0.017263
command,15.390403,1761865640.540742,nan,0.300000,-0.077867
command,15.423576,1761865640.573916,nan,0.300000,-0.051220
error,15.425860,1761865640.576199,-0.102439,0.300000,-0.051220
error,15.451459,1761865640.601798,-0.165854,0.300000,-0.051220
command,15.456174,1761865640.606514,nan,0.300000,-0.367962
error,15.481870,1761865640.632210,-0.212195,0.300000,-0.367962
command,15.489288,1761865640.639628,nan,0.300000,-0.276235
error,15.515092,1761865640.665432,-0.256098,0.300000,-0.276235
command,15.522327,1761865640.672667,nan,0.300000,-0.298230
error,15.548555,1761865640.698894,-0.273171,0.300000,-0.298230
command,15.555617,1761865640.705956,nan,0.300000,-0.237642
command,15.587998,1761865640.738338,nan,0.300000,-0.191220
error,15.588990,1761865640.739330,-0.268293,0.300000,-0.191220
error,15.621064,1761865640.771404,-0.260976,0.300000,-0.191220
command,15.621854,1761865640.772193,nan,0.300000,-0.174951
error,15.648193,1761865640.798533,-0.241463,0.300000,-0.174951
command,15.653882,1761865640.804221,nan,0.300000,-0.093908
command,15.687103,1761865640.837442,nan,0.300000,-0.169024
error,15.688927,1761865640.839267,-0.214634,0.300000,-0.169024
error,15.715118,1761865640.865458,-0.182927,0.300000,-0.169024
command,15.720238,1761865640.870578,nan,0.300000,0.029238
command,15.752582,1761865640.902921,nan,0.300000,-0.128049
error,15.754774,1761865640.905114,-0.141463,0.300000,-0.128049
error,15.785842,1761865640.936182,-0.104878,0.300000,-0.128049
command,15.785874,1761865640.936214,nan,0.300000,0.014139
error,15.815764,1761865640.966104,-0.075610,0.300000,0.014139
command,15.820047,1761865640.970386,nan,0.300000,0.024043
error,15.847972,1761865640.998311,-0.043902,0.300000,0.024043
command,15.852134,1761865641.002474,nan,0.300000,0.135134
command,15.885010,1761865641.035350,nan,0.300000,-0.030732
error,15.887918,1761865641.038258,-0.017073,0.300000,-0.030732
error,15.915476,1761865641.065816,0.007317,0.300000,-0.030732
command,15.918560,1761865641.068899,nan,0.300000,0.059867
command,15.950770,1761865641.101110,nan,0.300000,0.073559
error,15.957592,1761865641.107931,0.026829,0.300000,0.073559
error,15.983240,1761865641.133579,0.046341,0.300000,0.073559
command,15.984900,1761865641.135239,nan,0.300000,0.071637
command,16.017639,1761865641.167979,nan,0.300000,0.085190
error,16.022097,1761865641.172436,0.060976,0.300000,0.085190
error,16.049042,1761865641.199382,0.073171,0.300000,0.085190
command,16.050310,1761865641.200650,nan,0.300000,0.083393
command,16.083035,1761865641.233374,nan,0.300000,0.084414
error,16.088384,1761865641.238724,0.080488,0.300000,0.084414
command,16.116529,1761865641.266868,nan,0.300000,0.076013
error,16.117775,1761865641.268115,0.087805,0.300000,0.076013
error,16.148422,1761865641.298761,0.090244,0.300000,0.076013
command,16.149097,1761865641.299436,nan,0.400000,0.081548
error,16.181909,1761865641.332248,0.087805,0.400000,0.081548
command,16.182477,1761865641.332817,nan,0.400000,0.069735
command,16.214834,1761865641.365174,nan,0.400000,0.054675
error,16.216142,1761865641.366481,0.080488,0.400000,0.054675
command,16.249100,1761865641.399440,nan,0.400000,0.036721
error,16.249993,1761865641.400333,0.068293,0.400000,0.036721
command,16.283554,1761865641.433894,nan,0.400000,0.014504
error,16.290983,1761865641.441323,0.058537,0.400000,0.014504
command,16.313717,1761865641.464057,nan,0.400000,0.013855
error,16.316055,1761865641.466395,0.048780,0.400000,0.013855
command,16.349456,1761865641.499796,nan,0.400000,0.007780
error,16.355487,1761865641.505827,0.034146,0.400000,0.007780
command,16.380606,1761865641.530945,nan,0.400000,-0.015419
error,16.382109,1761865641.532449,0.024390,0.400000,-0.015419
command,16.416112,1761865641.566451,nan,0.400000,-0.009775
error,16.427559,1761865641.577899,0.012195,0.400000,-0.009775
command,16.445873,1761865641.596212,nan,0.400000,-0.024919
error,16.451557,1761865641.601897,0.004878,0.400000,-0.024919
command,16.478810,1761865641.629150,nan,0.400000,-0.016481
error,16.481809,1761865641.632148,-0.004878,0.400000,-0.016481
command,16.514520,1761865641.664859,nan,0.400000,-0.029947
error,16.521178,1761865641.671518,-0.012195,0.400000,-0.029947
command,16.544223,1761865641.694563,nan,0.400000,-0.028835
error,16.548549,1761865641.698888,-0.014634,0.400000,-0.028835
command,16.578999,1761865641.729339,nan,0.400000,-0.016747
error,16.587625,1761865641.737965,-0.009756,0.400000,-0.016747
command,16.610881,1761865641.761220,nan,0.400000,0.006574
error,16.618213,1761865641.768553,0.012195,0.400000,0.006574
command,16.643508,1761865641.793847,nan,0.400000,0.068247
error,16.648272,1761865641.798611,0.043902,0.400000,0.068247
command,16.679607,1761865641.829946,nan,0.400000,0.118634
error,16.687640,1761865641.837979,0.097561,0.400000,0.118634
command,16.710053,1761865641.860393,nan,0.400000,0.210600
error,16.715233,1761865641.865572,0.170732,0.400000,0.210600
command,16.745447,1761865641.895787,nan,0.400000,0.320694
error,16.755138,1761865641.905478,0.241463,0.400000,0.320694
command,16.776094,1761865641.926434,nan,0.400000,0.361828
error,16.784227,1761865641.934566,0.341463,0.400000,0.361828
command,16.809159,1761865641.959499,nan,0.400000,0.512039
error,16.815796,1761865641.966136,0.448780,0.400000,0.512039
command,16.842135,1761865641.992475,nan,0.400000,0.605459
error,16.848346,1761865641.998685,0.597561,0.400000,0.605459
command,16.878712,1761865642.029052,nan,0.400000,0.824576
error,16.887846,1761865642.038186,0.597561,0.400000,0.824576
command,16.908294,1761865642.058633,nan,0.400000,0.418293
error,16.915207,1761865642.065547,0.597561,0.400000,0.418293
command,16.944469,1761865642.094808,nan,0.400000,0.418293
error,16.958331,1761865642.108671,0.597561,0.400000,0.418293
command,16.974287,1761865642.124627,nan,0.400000,0.418293
error,16.982899,1761865642.133239,0.597561,0.400000,0.418293
command,17.009940,1761865642.160280,nan,0.400000,0.418293
error,17.021509,1761865642.171849,0.597561,0.400000,0.418293
command,17.039807,1761865642.190146,nan,0.400000,0.418293
error,17.047903,1761865642.198243,0.597561,0.400000,0.418293
command,17.072889,1761865642.223229,nan,0.400000,0.418293
error,17.082023,1761865642.232363,0.597561,0.400000,0.418293
command,17.106733,1761865642.257072,nan,0.400000,0.418293
error,17.123027,1761865642.273366,0.597561,0.400000,0.418293
command,17.139589,1761865642.289929,nan,0.400000,0.418293
error,17.147795,1761865642.298135,0.597561,0.400000,0.418293
command,17.173735,1761865642.324075,nan,0.400000,0.418293
error,17.188861,1761865642.339200,0.597561,0.400000,0.418293
command,17.205219,1761865642.355559,nan,0.400000,0.418293
error,17.216371,1761865642.366711,0.597561,0.400000,0.418293
command,17.240441,1761865642.390780,nan,0.400000,0.418293
error,17.255120,1761865642.405460,0.504878,0.400000,0.418293
command,17.271029,1761865642.421368,nan,0.400000,0.098680
error,17.284036,1761865642.434376,0.424390,0.400000,0.098680
command,17.306135,1761865642.456475,nan,0.400000,0.077880
error,17.321306,1761865642.471646,0.331707,0.400000,0.077880
command,17.336390,1761865642.486730,nan,0.400000,-0.021700
error,17.348291,1761865642.498631,0.290244,0.400000,-0.021700
command,17.373739,1761865642.524078,nan,0.400000,0.092485
error,17.389641,1761865642.539980,0.287805,0.400000,0.092485
command,17.403381,1761865642.553720,nan,0.400000,0.194802
error,17.415944,1761865642.566284,0.324390,0.400000,0.194802
command,17.435828,1761865642.586167,nan,0.400000,0.327412
error,17.459815,1761865642.610155,0.390244,0.400000,0.327412
command,17.469851,1761865642.620191,nan,0.400000,0.453811
error,17.482332,1761865642.632672,0.492683,0.400000,0.453811
command,17.502791,1761865642.653131,nan,0.400000,0.625405
error,17.521077,1761865642.671416,0.492683,0.400000,0.625405
command,17.533758,1761865642.684097,nan,0.400000,0.344878
error,17.550802,1761865642.701142,0.492683,0.400000,0.344878
command,17.567627,1761865642.717966,nan,0.400000,0.344878
error,17.581932,1761865642.732272,0.492683,0.400000,0.344878
command,17.599791,1761865642.750131,nan,0.400000,0.344878
error,17.617718,1761865642.768057,0.492683,0.400000,0.344878
command,17.633205,1761865642.783544,nan,0.400000,0.344878
error,17.658263,1761865642.808603,0.492683,0.400000,0.344878
command,17.667363,1761865642.817702,nan,0.400000,0.344878
error,17.685695,1761865642.836035,0.492683,0.400000,0.344878
command,17.699140,1761865642.849479,nan,0.400000,0.344878
error,17.716090,1761865642.866429,0.492683,0.400000,0.344878
command,17.732273,1761865642.882612,nan,0.400000,0.344878
error,17.756271,1761865642.906610,0.492683,0.400000,0.344878
command,17.765837,1761865642.916176,nan,0.400000,0.344878
error,17.784341,1761865642.934681,0.492683,0.400000,0.344878
command,17.798221,1761865642.948560,nan,0.400000,0.344878
error,17.815773,1761865642.966112,0.492683,0.400000,0.344878
command,17.831423,1761865642.981763,nan,0.400000,0.344878
error,17.848814,1761865642.999154,0.492683,0.400000,0.344878
command,17.863576,1761865643.013916,nan,0.400000,0.344878
error,17.881317,1761865643.031657,0.492683,0.400000,0.344878
command,17.897641,1761865643.047981,nan,0.400000,0.344878
error,17.922729,1761865643.073068,0.492683,0.400000,0.344878
command,17.931112,1761865643.081452,nan,0.400000,0.344878
error,17.950575,1761865643.100914,0.492683,0.400000,0.344878
command,17.963161,1761865643.113500,nan,0.400000,0.344878
error,17.981765,1761865643.132104,0.492683,0.400000,0.344878
command,17.996270,1761865643.146609,nan,0.400000,0.344878
error,18.022217,1761865643.172556,0.492683,0.400000,0.344878
command,18.030268,1761865643.180608,nan,0.400000,0.344878
error,18.048822,1761865643.199162,0.492683,0.400000,0.344878
command,18.062354,1761865643.212694,nan,0.400000,0.344878
error,18.081541,1761865643.231881,0.492683,0.400000,0.344878
command,18.095664,1761865643.246003,nan,0.400000,0.344878
error,18.116521,1761865643.266860,0.604878,0.400000,0.344878
command,18.127767,1761865643.278107,nan,0.400000,0.735971
error,18.155297,1761865643.305637,0.519512,0.400000,0.735971
command,18.162819,1761865643.313159,nan,0.400000,0.130980
error,18.182056,1761865643.332395,0.426829,0.400000,0.130980
command,18.193867,1761865643.344207,nan,0.400000,0.045685
error,18.215449,1761865643.365789,0.297561,0.400000,0.045685
command,18.227243,1761865643.377582,nan,0.400000,-0.141807
error,18.248238,1761865643.398578,0.170732,0.400000,-0.141807
command,18.260517,1761865643.410856,nan,0.400000,-0.222878
error,18.283416,1761865643.433755,0.080488,0.400000,-0.222878
command,18.293420,1761865643.443759,nan,0.400000,-0.194564
error,18.314757,1761865643.465096,0.021951,0.400000,-0.194564
command,18.325729,1761865643.476068,nan,0.400000,-0.145009
error,18.355162,1761865643.505501,-0.012195,0.400000,-0.145009
command,18.359674,1761865643.510013,nan,0.400000,-0.100906
error,18.382041,1761865643.532381,-0.024390,0.400000,-0.100906
command,18.392200,1761865643.542539,nan,0.400000,-0.050364
error,18.422537,1761865643.572876,-0.036585,0.400000,-0.050364
command,18.426610,1761865643.576950,nan,0.400000,-0.017073
error,18.450803,1761865643.601142,-0.043902,0.400000,-0.017073
command,18.459070,1761865643.609409,nan,0.400000,-0.085065
error,18.481334,1761865643.631673,-0.039024,0.400000,-0.085065
command,18.491873,1761865643.642213,nan,0.400000,-0.014209
error,18.521384,1761865643.671723,-0.034146,0.400000,-0.014209
command,18.526347,1761865643.676687,nan,0.400000,-0.027317
error,18.548364,1761865643.698703,-0.019512,0.400000,-0.027317
command,18.558001,1761865643.708341,nan,0.400000,0.040215
error,18.588197,1761865643.738537,-0.007317,0.400000,0.040215
command,18.591288,1761865643.741627,nan,0.400000,-0.013659
error,18.617301,1761865643.767640,0.007317,0.400000,-0.013659
command,18.624921,1761865643.775260,nan,0.400000,0.078034
error,18.647956,1761865643.798295,0.017073,0.400000,0.078034
command,18.657185,1761865643.807524,nan,0.400000,0.039009
error,18.681127,1761865643.831466,0.034146,0.400000,0.039009
command,18.690617,1761865643.840956,nan,0.400000,0.069501
error,18.714832,1761865643.865172,0.046341,0.400000,0.069501
command,18.723126,1761865643.873466,nan,0.400000,0.066424
error,18.756926,1761865643.907266,0.058537,0.400000,0.066424
command,18.756969,1761865643.907309,nan,0.400000,0.032439
error,18.783757,1761865643.934097,0.073171,0.400000,0.032439
command,18.789505,1761865643.939844,nan,0.400000,0.126010
error,18.815647,1761865643.965987,0.082927,0.400000,0.126010
command,18.823044,1761865643.973384,nan,0.400000,0.084603
error,18.847877,1761865643.998216,0.097561,0.400000,0.084603
command,18.855685,1761865644.006024,nan,0.400000,0.108283
error,18.888164,1761865644.038503,0.107317,0.400000,0.108283
command,18.889477,1761865644.039816,nan,0.400000,0.068293
error,18.914874,1761865644.065213,0.121951,0.400000,0.068293
command,18.920850,1761865644.071190,nan,0.400000,0.152385
command,18.955580,1761865644.105920,nan,0.400000,0.085366
error,18.963386,1761865644.113726,0.131707,0.400000,0.085366
error,18.982545,1761865644.132884,0.156098,0.400000,0.085366
command,18.985972,1761865644.136311,nan,0.400000,0.202852
error,19.015382,1761865644.165721,0.143902,0.400000,0.202852
command,19.019995,1761865644.170335,nan,0.400000,0.067856
command,19.053781,1761865644.204120,nan,0.400000,0.100732
error,19.054817,1761865644.205156,0.151220,0.400000,0.100732
error,19.081505,1761865644.231845,0.151220,0.400000,0.100732
command,19.086086,1761865644.236426,nan,0.400000,0.125968
command,19.118969,1761865644.269308,nan,0.400000,0.105854
error,19.122507,1761865644.272846,0.151220,0.400000,0.105854
error,19.148567,1761865644.298906,0.153659,0.400000,0.105854
command,19.152843,1761865644.303183,nan,0.400000,0.105854
command,19.184374,1761865644.334714,nan,0.400000,0.114333
error,19.188128,1761865644.338468,0.156098,0.400000,0.114333
error,19.215523,1761865644.365862,0.141463,0.400000,0.114333
command,19.218058,1761865644.368397,nan,0.400000,0.115844
error,19.247900,1761865644.398239,0.112195,0.400000,0.115844
command,19.252021,1761865644.402361,nan,0.400000,0.058856
command,19.284688,1761865644.435027,nan,0.400000,0.000007
error,19.289851,1761865644.440190,0.073171,0.400000,0.000007
error,19.315219,1761865644.465559,0.019512,0.400000,0.000007
command,19.317999,1761865644.468339,nan,0.400000,-0.052901
command,19.350240,1761865644.500579,nan,0.400000,-0.136408
error,19.353892,1761865644.504232,-0.051220,0.400000,-0.136408
error,19.381560,1761865644.531900,-0.126829,0.400000,-0.136408
command,19.383671,1761865644.534010,nan,0.400000,-0.225182
command,19.415588,1761865644.565928,nan,0.400000,-0.300946
error,19.421739,1761865644.572079,-0.221951,0.400000,-0.300946
command,19.448573,1761865644.598912,nan,0.400000,-0.416798
error,19.450642,1761865644.600982,-0.319512,0.400000,-0.416798
error,19.482162,1761865644.632501,-0.434146,0.400000,-0.416798
command,19.482336,1761865644.632676,nan,0.400000,-0.486550
error,19.514920,1761865644.665260,-0.556098,0.400000,-0.486550
command,19.515214,1761865644.665554,nan,0.400000,-0.616865
command,19.549909,1761865644.700248,nan,0.400000,-0.712987
error,19.553820,1761865644.704160,-0.556098,0.400000,-0.712987
command,19.581626,1761865644.731966,nan,0.400000,-0.389268
error,19.581816,1761865644.732155,-0.556098,0.400000,-0.389268
command,19.616891,1761865644.767231,nan,0.400000,-0.389268
error,19.629123,1761865644.779463,-0.556098,0.400000,-0.389268
command,19.648060,1761865644.798400,nan,0.400000,-0.389268
error,19.649485,1761865644.799825,-0.556098,0.400000,-0.389268
command,19.680208,1761865644.830548,nan,0.400000,-0.389268
error,19.682607,1761865644.832947,-0.556098,0.400000,-0.389268
command,19.713339,1761865644.863678,nan,0.400000,-0.389268
error,19.720362,1761865644.870702,-0.556098,0.400000,-0.389268
command,19.747275,1761865644.897615,nan,0.400000,-0.389268
error,19.747800,1761865644.898139,-0.556098,0.400000,-0.389268
command,19.782326,1761865644.932665,nan,0.400000,-0.389268
error,19.788317,1761865644.938657,-0.556098,0.400000,-0.389268
command,19.812113,1761865644.962452,nan,0.400000,-0.389268
error,19.815079,1761865644.965419,-0.556098,0.400000,-0.389268
command,19.848054,1761865644.998393,nan,0.400000,-0.389268
error,19.855525,1761865645.005864,-0.556098,0.400000,-0.389268
command,19.877859,1761865645.028199,nan,0.400000,-0.389268
error,19.881167,1761865645.031507,-0.531707,0.400000,-0.389268
command,19.910649,1761865645.060989,nan,0.400000,-0.305321
error,19.913885,1761865645.064224,-0.475610,0.400000,-0.305321
command,19.946712,1761865645.097051,nan,0.400000,-0.179499
error,19.955298,1761865645.105638,-0.417073,0.400000,-0.179499
command,19.976537,1761865645.126877,nan,0.400000,-0.132466
error,19.981308,1761865645.131647,-0.375610,0.400000,-0.132466
command,20.013241,1761865645.163580,nan,0.400000,-0.152284
error,20.022510,1761865645.172849,-0.348780,0.400000,-0.152284
command,20.042905,1761865645.193244,nan,0.400000,-0.170421
error,20.047684,1761865645.198024,-0.339024,0.400000,-0.170421
command,20.078018,1761865645.228358,nan,0.400000,-0.210552
error,20.089174,1761865645.239513,-0.363415,0.400000,-0.210552
command,20.109081,1761865645.259421,nan,0.400000,-0.320822
error,20.116152,1761865645.266492,-0.397561,0.400000,-0.320822
command,20.141838,1761865645.292177,nan,0.400000,-0.371177
error,20.147162,1761865645.297502,-0.456098,0.400000,-0.371177
command,20.176974,1761865645.327313,nan,0.400000,-0.480088
error,20.187095,1761865645.337434,-0.456098,0.400000,-0.480088
command,20.207963,1761865645.358303,nan,0.400000,-0.319268
error,20.214688,1761865645.365028,-0.456098,0.400000,-0.319268
command,20.241038,1761865645.391377,nan,0.400000,-0.319268
error,20.247103,1761865645.397443,-0.456098,0.400000,-0.319268
command,20.277840,1761865645.428180,nan,0.400000,-0.319268
error,20.288248,1761865645.438588,-0.456098,0.400000,-0.319268
command,20.307194,1761865645.457534,nan,0.400000,-0.319268
error,20.314229,1761865645.464569,-0.456098,0.400000,-0.319268
command,20.343455,1761865645.493795,nan,0.400000,-0.319268
error,20.354525,1761865645.504865,-0.456098,0.400000,-0.319268
command,20.373272,1761865645.523612,nan,0.400000,-0.319268
error,20.380832,1761865645.531171,-0.456098,0.400000,-0.319268
command,20.406458,1761865645.556798,nan,0.400000,-0.319268
error,20.415205,1761865645.565545,-0.456098,0.400000,-0.319268
command,20.442488,1761865645.592828,nan,0.400000,-0.319268
error,20.456206,1761865645.606545,-0.456098,0.400000,-0.319268
command,20.472229,1761865645.622569,nan,0.400000,-0.319268
error,20.481555,1761865645.631894,-0.456098,0.400000,-0.319268
command,20.508060,1761865645.658399,nan,0.400000,-0.319268
error,20.521168,1761865645.671508,-0.456098,0.400000,-0.319268
command,20.537455,1761865645.687794,nan,0.400000,-0.319268
error,20.548623,1761865645.698962,-0.456098,0.400000,-0.319268
command,20.573627,1761865645.723966,nan,0.400000,-0.319268
error,20.587269,1761865645.737609,-0.456098,0.400000,-0.319268
command,20.604283,1761865645.754622,nan,0.400000,-0.319268
error,20.617158,1761865645.767498,-0.456098,0.400000,-0.319268
command,20.636911,1761865645.787250,nan,0.400000,-0.319268
error,20.647658,1761865645.797997,-0.456098,0.400000,-0.319268
command,20.669551,1761865645.819890,nan,0.400000,-0.319268
error,20.681046,1761865645.831385,-0.456098,0.400000,-0.319268
command,20.702064,1761865645.852403,nan,0.400000,-0.319268
error,20.714327,1761865645.864666,-0.456098,0.400000,-0.319268
command,20.735609,1761865645.885948,nan,0.400000,-0.319268
error,20.755569,1761865645.905909,-0.456098,0.400000,-0.319268
command,20.768068,1761865645.918407,nan,0.400000,-0.319268
error,20.785355,1761865645.935694,-0.456098,0.400000,-0.319268
command,20.802279,1761865645.952619,nan,0.400000,-0.319268
error,20.814876,1761865645.965215,-0.585366,0.400000,-0.319268
command,20.836387,1761865645.986727,nan,0.400000,-0.759111
error,20.853902,1761865646.004242,-0.512195,0.400000,-0.759111
command,20.868124,1761865646.018464,nan,0.400000,-0.157448
error,20.881749,1761865646.032088,-0.429268,0.400000,-0.157448
command,20.900998,1761865646.051338,nan,0.400000,-0.075512
error,20.914129,1761865646.064468,-0.317073,0.400000,-0.075512
command,20.933609,1761865646.083948,nan,0.400000,0.085132
error,20.957294,1761865646.107633,-0.173171,0.400000,0.085132
command,20.967045,1761865646.117384,nan,0.400000,0.277547
error,20.983991,1761865646.134331,-0.070732,0.400000,0.277547
command,20.999658,1761865646.149997,nan,0.400000,0.223429
error,21.017093,1761865646.167432,0.004878,0.400000,0.223429
command,21.032047,1761865646.182386,nan,0.400000,0.213716
error,21.049349,1761865646.199689,0.060976,0.400000,0.213716
command,21.065955,1761865646.216294,nan,0.400000,0.194271
error,21.088129,1761865646.238468,0.100000,0.400000,0.194271
command,21.098942,1761865646.249282,nan,0.400000,0.176762
error,21.117378,1761865646.267717,0.124390,0.400000,0.176762
command,21.131085,1761865646.281425,nan,0.400000,0.153445
error,21.149148,1761865646.299488,0.131707,0.400000,0.153445
command,21.164196,1761865646.314536,nan,0.400000,0.112050
error,21.182332,1761865646.332672,0.139024,0.400000,0.112050
command,21.197361,1761865646.347701,nan,0.400000,0.117184
error,21.215430,1761865646.365770,0.139024,0.400000,0.117184
command,21.230507,1761865646.380847,nan,0.400000,0.097317
error,21.248707,1761865646.399047,0.134146,0.400000,0.097317
command,21.262542,1761865646.412882,nan,0.400000,0.080211
error,21.289767,1761865646.440107,0.134146,0.400000,0.080211
command,21.297366,1761865646.447706,nan,0.400000,0.093902
error,21.315874,1761865646.466214,0.131707,0.400000,0.093902
command,21.329214,1761865646.479554,nan,0.400000,0.085645
error,21.347560,1761865646.497900,0.121951,0.400000,0.085645
command,21.362504,1761865646.512844,nan,0.500000,0.058886
error,21.381156,1761865646.531496,0.109756,0.500000,0.058886
command,21.394548,1761865646.544888,nan,0.500000,0.042800
error,21.421902,1761865646.572241,0.104878,0.500000,0.042800
command,21.428893,1761865646.579232,nan,0.500000,0.060129
error,21.450187,1761865646.600527,0.095122,0.500000,0.060129
command,21.461587,1761865646.611927,nan,0.500000,0.040286
error,21.481475,1761865646.631814,0.095122,0.500000,0.040286
command,21.493807,1761865646.644146,nan,0.500000,0.066585
error,21.514146,1761865646.664485,0.082927,0.500000,0.066585
command,21.527075,1761865646.677414,nan,0.500000,0.025061
error,21.547217,1761865646.697556,0.075610,0.500000,0.025061
command,21.560313,1761865646.710652,nan,0.500000,0.033074
error,21.581925,1761865646.732265,0.068293,0.500000,0.033074
command,21.592615,1761865646.742954,nan,0.500000,0.027395
error,21.624663,1761865646.775003,0.060976,0.500000,0.027395
command,21.628318,1761865646.778658,nan,0.500000,0.047805
error,21.648712,1761865646.799051,0.053659,0.500000,0.047805
command,21.659601,1761865646.809941,nan,0.500000,-0.003312
error,21.681818,1761865646.832157,0.043902,0.500000,-0.003312
command,21.692386,1761865646.842726,nan,0.500000,0.004432
error,21.713934,1761865646.864274,0.034146,0.500000,0.004432
command,21.724863,1761865646.875203,nan,0.500000,-0.002994
error,21.753695,1761865646.904034,0.029268,0.500000,-0.002994
command,21.759653,1761865646.909992,nan,0.500000,0.007391
error,21.784460,1761865646.934800,0.024390,0.500000,0.007391
command,21.792998,1761865646.943338,nan,0.500000,0.003907
error,21.815144,1761865646.965483,0.017073,0.500000,0.003907
command,21.824933,1761865646.975272,nan,0.300000,-0.008294
error,21.847270,1761865646.997609,0.014634,0.300000,-0.008294
command,21.857791,1761865647.008131,nan,0.300000,0.003654
error,21.880374,1761865647.030714,0.007317,0.300000,0.003654
command,21.890852,1761865647.041192,nan,0.300000,-0.014959
error,21.919915,1761865647.070254,0.002439,0.300000,-0.014959
command,21.924236,1761865647.074575,nan,0.300000,-0.011512
error,21.949829,1761865647.100168,-0.002439,0.300000,-0.011512
command,21.957701,1761865647.108040,nan,0.300000,-0.015076
error,21.980561,1761865647.130900,-0.004878,0.300000,-0.015076
command,21.990062,1761865647.140402,nan,0.300000,-0.010095
error,22.022169,1761865647.172508,-0.007317,0.300000,-0.010095
command,22.024266,1761865647.174605,nan,0.300000,-0.003415
error,22.047803,1761865647.198142,-0.009756,0.300000,-0.003415
command,22.056385,1761865647.206724,nan,0.300000,-0.020772
error,22.080272,1761865647.230611,-0.009756,0.300000,-0.020772
command,22.089712,1761865647.240052,nan,0.300000,-0.006829
error,22.115966,1761865647.266305,-0.009756,0.300000,-0.006829
command,22.123095,1761865647.273435,nan,0.300000,-0.006829
error,22.146872,1761865647.297212,-0.009756,0.300000,-0.006829
command,22.155573,1761865647.305913,nan,0.300000,-0.006829
error,22.180338,1761865647.330678,-0.004878,0.300000,-0.006829
command,22.188294,1761865647.338633,nan,0.300000,0.010183
error,22.214400,1761865647.364740,-0.004878,0.300000,0.010183
command,22.221567,1761865647.371907,nan,0.300000,-0.003415
error,22.253453,1761865647.403792,0.000000,0.300000,-0.003415
command,22.253658,1761865647.403998,nan,0.300000,-0.003415
error,22.283842,1761865647.434181,0.002439,0.300000,-0.003415
command,22.286880,1761865647.437220,nan,0.300000,0.013051
error,22.314110,1761865647.464450,0.007317,0.300000,0.013051
command,22.320511,1761865647.470851,nan,0.300000,0.025189
command,22.353424,1761865647.503764,nan,0.300000,0.005122
error,22.354457,1761865647.504797,0.007317,0.300000,0.005122
error,22.381110,1761865647.531449,0.012195,0.300000,0.005122
command,22.385147,1761865647.535487,nan,0.300000,0.022175
command,22.420681,1761865647.571021,nan,0.300000,0.008537
error,22.421195,1761865647.571535,0.014634,0.300000,0.008537
error,22.450029,1761865647.600369,0.019512,0.300000,0.008537
command,22.452571,1761865647.602911,nan,0.300000,0.016824
error,22.480983,1761865647.631322,0.021951,0.300000,0.016824
command,22.485241,1761865647.635580,nan,0.300000,0.027378
command,22.517669,1761865647.668009,nan,0.300000,0.022027
error,22.520671,1761865647.671011,0.026829,0.300000,0.022027
error,22.547975,1761865647.698315,0.029268,0.300000,0.022027
command,22.551842,1761865647.702182,nan,0.300000,0.031951
command,22.583792,1761865647.734131,nan,0.300000,0.027167
error,22.587185,1761865647.737525,0.031707,0.300000,0.027167
command,22.617316,1761865647.767656,nan,0.300000,0.028885
error,22.617624,1761865647.767963,0.034146,0.300000,0.028885
error,22.647262,1761865647.797602,0.039024,0.300000,0.028885
command,22.650345,1761865647.800685,nan,0.300000,0.030466
command,22.682974,1761865647.833313,nan,0.300000,0.040579
error,22.687873,1761865647.838213,0.043902,0.300000,0.040579
error,22.714895,1761865647.865235,0.043902,0.300000,0.040579
command,22.716700,1761865647.867040,nan,0.300000,0.043951
command,22.750871,1761865647.901211,nan,0.300000,0.030732
error,22.760221,1761865647.910560,0.046341,0.300000,0.030732
command,22.782133,1761865647.932473,nan,0.300000,0.039083
error,22.784195,1761865647.934534,0.046341,0.300000,0.039083
command,22.816077,1761865647.966416,nan,0.300000,0.032439
error,22.821073,1761865647.971412,0.651219,0.300000,0.032439
error,22.847244,1761865647.997584,0.048780,0.300000,0.032439
command,22.848643,1761865647.998983,nan,0.300000,1.000000
error,22.881055,1761865648.031395,0.048780,0.300000,1.000000
command,22.881104,1761865648.031444,nan,0.300000,-1.000000
command,22.913926,1761865648.064266,nan,0.300000,0.034146
error,22.919695,1761865648.070034,0.034146,0.300000,0.034146
command,22.946879,1761865648.097218,nan,0.300000,-0.016402
error,22.949492,1761865648.099831,-0.019512,0.300000,-0.016402
